,Inicio_Semana,Total de Chuvas(mm),Média diária de chuvas(mm),categoria,ponto_codigo,Categoria_Indexada
0,2008-08-10,17.4,2.4857142312186107,Indisponível,Farol da Barra - SSA FB 200,2.0
1,2007-08-05,22.4,3.1999999455043246,Indisponível,Farol da Barra - SSA FB 200,2.0
2,2008-05-11,5.8,0.8285714558192662,Indisponível,Farol da Barra - SSA FB 200,2.0
3,2007-03-11,53.0,7.571428571428571,Indisponível,Farol da Barra - SSA FB 200,2.0
4,2007-07-08,17.0,2.4285714285714284,Própria,Farol da Barra - SSA FB 200,0.0
5,2008-06-01,0.2,0.028571428997176036,Própria,Farol da Barra - SSA FB 200,0.0
6,2007-06-10,38.2,5.4571429661342075,Indisponível,Farol da Barra - SSA FB 200,2.0
7,2008-05-04,6.6,0.9428571292332241,Indisponível,Farol da Barra - SSA FB 200,2.0
8,2008-06-22,58.8,8.39999989100865,Própria,Farol da Barra - SSA FB 200,0.0
9,2007-03-25,13.6,1.9428571973528181,Indisponível,Farol da Barra - SSA FB 200,2.0
10,2008-07-20,25.4,3.6285713740757535,Própria,Farol da Barra - SSA FB 200,0.0
11,2007-08-12,57.4,8.200000217982701,Indisponível,Farol da Barra - SSA FB 200,2.0
12,2007-06-24,34.2,4.885714394705636,Indisponível,Farol da Barra - SSA FB 200,2.0
13,2008-08-17,35.2,5.028571537562779,Própria,Farol da Barra - SSA FB 200,0.0
14,2008-06-08,26.4,3.7714285169328963,Própria,Farol da Barra - SSA FB 200,0.0
15,2008-07-06,67.2,9.599999564034599,Própria,Farol da Barra - SSA FB 200,0.0
16,2007-06-17,28.2,4.028571537562779,Indisponível,Farol da Barra - SSA FB 200,2.0
17,2007-02-18,10.4,1.4857142312186105,Indisponível,Farol da Barra - SSA FB 200,2.0
18,2008-04-27,5.4,0.7714285850524902,Indisponível,Farol da Barra - SSA FB 200,2.0
19,2007-07-22,24.0,3.4285714285714284,Própria,Farol da Barra - SSA FB 200,0.0
20,2007-06-03,40.6,5.7999997820172995,Indisponível,Farol da Barra - SSA FB 200,2.0
21,2007-07-01,44.4,6.342857360839844,Própria,Farol da Barra - SSA FB 200,0.0
22,2008-06-29,15.8,2.257142884390695,Própria,Farol da Barra - SSA FB 200,0.0
23,2007-05-13,12.0,1.7142857142857142,Indisponível,Farol da Barra - SSA FB 200,2.0
24,2007-01-14,1.4,0.1999999965940203,Indisponível,Farol da Barra - SSA FB 200,2.0
25,2007-02-25,25.4,3.6285713740757535,Indisponível,Farol da Barra - SSA FB 200,2.0
26,2007-07-15,3.2,0.45714286395481657,Própria,Farol da Barra - SSA FB 200,0.0
27,2007-07-29,23.8,3.3999998910086497,Indisponível,Farol da Barra - SSA FB 200,2.0
28,2007-04-29,18.2,2.6000001089913503,Indisponível,Farol da Barra - SSA FB 200,2.0
29,2007-03-18,1.4,0.1999999965940203,Indisponível,Farol da Barra - SSA FB 200,2.0
30,2008-08-03,6.0,0.8571428571428571,Indisponível,Farol da Barra - SSA FB 200,2.0
31,2007-04-15,51.2,7.314285823277065,Indisponível,Farol da Barra - SSA FB 200,2.0
32,2007-04-22,53.0,7.571428571428571,Indisponível,Farol da Barra - SSA FB 200,2.0
33,2008-05-18,26.0,3.7142857142857144,Própria,Farol da Barra - SSA FB 200,0.0
34,2007-02-04,61.6,8.799999782017299,Própria,Farol da Barra - SSA FB 200,0.0
35,2007-01-21,0.0,0.0,Indisponível,Farol da Barra - SSA FB 200,2.0
36,2008-04-20,0.2,0.028571428997176036,Indisponível,Farol da Barra - SSA FB 200,2.0
37,2008-07-27,29.2,4.171428680419922,Indisponível,Farol da Barra - SSA FB 200,2.0
38,2007-05-27,6.4,0.9142857279096331,Indisponível,Farol da Barra - SSA FB 200,2.0
39,2008-07-13,29.6,4.228571483067104,Própria,Farol da Barra - SSA FB 200,0.0
40,2008-05-25,5.2,0.7428571156093052,Própria,Farol da Barra - SSA FB 200,0.0
41,2008-06-15,3.2,0.45714286395481657,Própria,Farol da Barra - SSA FB 200,0.0
42,2007-01-28,0.0,0.0,Indisponível,Farol da Barra - SSA FB 200,2.0
43,2007-05-06,29.8,4.257142748151507,Indisponível,Farol da Barra - SSA FB 200,2.0
44,2007-01-07,0.0,0.0,Indisponível,Farol da Barra - SSA FB 200,2.0
45,2007-02-11,76.2,10.885713849748884,Própria,Farol da Barra - SSA FB 200,0.0
46,2007-05-20,57.2,8.171428680419922,Indisponível,Farol da Barra - SSA FB 200,2.0
47,2007-03-04,20.2,2.8857143947056363,Indisponível,Farol da Barra - SSA FB 200,2.0
48,2007-04-01,0.0,0.0,Indisponível,Farol da Barra - SSA FB 200,2.0
49,2007-04-08,32.4,4.628571646554129,Indisponível,Farol da Barra - SSA FB 200,2.0
50,2009-06-28,18.8,2.6857141767229353,Própria,Farol da Barra - SSA FB 200,0.0
51,2011-08-21,0.6,0.08571428912026542,Própria,Farol da Barra - SSA FB 200,0.0
52,2010-05-23,80.2,11.457142421177455,Indisponível,Farol da Barra - SSA FB 200,2.0
53,2011-09-04,6.4,0.9142857279096331,Própria,Farol da Barra - SSA FB 200,0.0
54,2009-07-12,61.0,8.714285714285714,Própria,Farol da Barra - SSA FB 200,0.0
55,2011-10-23,73.8,10.542857578822545,Própria,Farol da Barra - SSA FB 200,0.0
56,2009-03-29,35.2,5.028571537562779,Indisponível,Farol da Barra - SSA FB 200,2.0
57,2010-07-11,114.0,16.285714285714285,Própria,Farol da Barra - SSA FB 200,0.0
58,2012-08-05,30.4,4.342857088361468,Própria,Farol da Barra - SSA FB 200,0.0
59,2010-04-04,10.0,1.4285714285714286,Indisponível,Farol da Barra - SSA FB 200,2.0
60,2011-06-05,20.6,2.942857197352818,Indisponível,Farol da Barra - SSA FB 200,2.0
61,2009-06-07,75.4,10.771428789411273,Própria,Farol da Barra - SSA FB 200,0.0
62,2009-02-08,7.0,1.0,Própria,Farol da Barra - SSA FB 200,0.0
63,2009-05-03,0.6,0.08571428912026542,Própria,Farol da Barra - SSA FB 200,0.0
64,2010-02-07,9.6,1.3714286259242467,Própria,Farol da Barra - SSA FB 200,0.0
65,2011-09-25,22.0,3.142857142857143,Própria,Farol da Barra - SSA FB 200,0.0
66,2009-03-15,9.6,1.3714286259242467,Indisponível,Farol da Barra - SSA FB 200,2.0
67,2011-10-16,118.0,16.857142857142858,Própria,Farol da Barra - SSA FB 200,0.0
68,2012-09-16,0.6,0.08571428912026542,Indisponível,Farol da Barra - SSA FB 200,2.0
69,2010-07-18,81.2,11.599999564034599,Própria,Farol da Barra - SSA FB 200,0.0
70,2010-09-19,17.6,2.5142857687813893,Própria,Farol da Barra - SSA FB 200,0.0
71,2011-09-11,28.4,4.057142802647182,Própria,Farol da Barra - SSA FB 200,0.0
72,2012-07-22,4.2,0.5999999727521624,Indisponível,Farol da Barra - SSA FB 200,2.0
73,2012-04-22,0.2,0.028571428997176036,Própria,Farol da Barra - SSA FB 200,0.0
74,2012-06-17,42.8,6.114285605294364,Própria,Farol da Barra - SSA FB 200,0.0
75,2009-02-22,51.0,7.285714285714286,Indisponível,Farol da Barra - SSA FB 200,2.0
76,2010-04-18,0.0,0.0,Indisponível,Farol da Barra - SSA FB 200,2.0
77,2009-07-26,22.6,3.2285714830671037,Indisponível,Farol da Barra - SSA FB 200,2.0
78,2011-07-31,0.4,0.05714285799435207,Própria,Farol da Barra - SSA FB 200,0.0
79,2010-07-25,29.4,4.199999945504325,Própria,Farol da Barra - SSA FB 200,0.0
80,2009-02-15,42.4,6.057143075125558,Indisponível,Farol da Barra - SSA FB 200,2.0
81,2011-06-26,26.4,3.7714285169328963,Indisponível,Farol da Barra - SSA FB 200,2.0
82,2009-01-04,5.0,0.7142857142857143,Indisponível,Farol da Barra - SSA FB 200,2.0
83,2011-08-14,2.6,0.3714285578046526,Própria,Farol da Barra - SSA FB 200,0.0
84,2012-06-10,46.4,6.628571646554129,Própria,Farol da Barra - SSA FB 200,0.0
85,2009-04-05,61.6,8.799999782017299,Indisponível,Farol da Barra - SSA FB 200,2.0
86,2010-02-14,1.2,0.17142857824053084,Própria,Farol da Barra - SSA FB 200,0.0
87,2009-07-19,29.2,4.171428680419922,Própria,Farol da Barra - SSA FB 200,0.0
88,2010-03-07,25.6,3.6571429116385326,Indisponível,Farol da Barra - SSA FB 200,2.0
89,2010-09-12,7.8,1.1142857415335519,Indisponível,Farol da Barra - SSA FB 200,2.0
90,2010-10-24,7.6,1.085714272090367,Própria,Farol da Barra - SSA FB 200,0.0
91,2010-01-31,1.2,0.17142857824053084,Própria,Farol da Barra - SSA FB 200,0.0
92,2012-05-06,38.2,5.4571429661342075,Própria,Farol da Barra - SSA FB 200,0.0
93,2009-02-01,29.2,4.171428680419922,Própria,Farol da Barra - SSA FB 200,0.0
94,2009-04-19,1.4,0.1999999965940203,Indisponível,Farol da Barra - SSA FB 200,2.0
95,2009-06-21,33.2,4.742857251848493,Própria,Farol da Barra - SSA FB 200,0.0
96,2010-01-10,28.2,4.028571537562779,Indisponível,Farol da Barra - SSA FB 200,2.0
97,2012-09-30,17.8,2.5428570338657925,Própria,Farol da Barra - SSA FB 200,0.0
98,2010-04-25,11.8,1.6857143129621233,Indisponível,Farol da Barra - SSA FB 200,2.0
99,2009-03-08,9.6,1.3714286259242467,Indisponível,Farol da Barra - SSA FB 200,2.0
100,2011-07-17,5.0,0.7142857142857143,Própria,Farol da Barra - SSA FB 200,0.0
101,2012-09-02,8.6,1.2285714830671037,Própria,Farol da Barra - SSA FB 200,0.0
102,2012-05-13,64.0,9.142857142857142,Imprópria,Farol da Barra - SSA FB 200,1.0
103,2011-10-30,55.4,7.914285932268415,Própria,Farol da Barra - SSA FB 200,0.0
104,2009-07-05,56.8,8.114285605294365,Própria,Farol da Barra - SSA FB 200,0.0
105,2008-08-24,0.2,0.028571428997176036,Própria,Farol da Barra - SSA FB 200,0.0
106,2012-06-24,56.2,8.02857153756278,Imprópria,Farol da Barra - SSA FB 200,1.0
107,2010-06-20,15.0,2.142857142857143,Própria,Farol da Barra - SSA FB 200,0.0
108,2010-03-21,16.2,2.3142858232770647,Indisponível,Farol da Barra - SSA FB 200,2.0
109,2009-01-11,8.4,1.1999999455043249,Própria,Farol da Barra - SSA FB 200,0.0
110,2009-04-26,1.8,0.25714285033089773,Indisponível,Farol da Barra - SSA FB 200,2.0
111,2012-10-07,40.0,5.714285714285714,Própria,Farol da Barra - SSA FB 200,0.0
112,2012-10-14,2.6,0.3714285578046526,Própria,Farol da Barra - SSA FB 200,0.0
113,2008-09-07,2.2,0.31428572109767366,Indisponível,Farol da Barra - SSA FB 200,2.0
114,2010-08-15,57.2,8.171428680419922,Indisponível,Farol da Barra - SSA FB 200,2.0
115,2008-08-31,19.6,2.8000000544956754,Própria,Farol da Barra - SSA FB 200,0.0
116,2009-05-31,3.0,0.42857142857142855,Própria,Farol da Barra - SSA FB 200,0.0
117,2010-07-04,89.0,12.714285714285714,Própria,Farol da Barra - SSA FB 200,0.0
118,2012-07-15,4.8,0.6857143129621234,Própria,Farol da Barra - SSA FB 200,0.0
119,2010-03-14,7.0,1.0,Indisponível,Farol da Barra - SSA FB 200,2.0
120,2010-08-01,57.0,8.142857142857142,Própria,Farol da Barra - SSA FB 200,0.0
121,2011-08-28,2.8,0.3999999931880406,Própria,Farol da Barra - SSA FB 200,0.0
122,2010-09-26,0.6,0.08571428912026542,Própria,Farol da Barra - SSA FB 200,0.0
123,2011-07-03,9.8,1.4000000272478377,Própria,Farol da Barra - SSA FB 200,0.0
124,2010-02-21,1.8,0.25714285033089773,Indisponível,Farol da Barra - SSA FB 200,2.0
125,2011-11-20,17.0,2.4285714285714284,Própria,Farol da Barra - SSA FB 200,0.0
126,2011-10-02,13.4,1.914285659790039,Própria,Farol da Barra - SSA FB 200,0.0
127,2012-09-23,19.0,2.7142857142857144,Indisponível,Farol da Barra - SSA FB 200,2.0
128,2011-07-24,1.0,0.14285714285714285,Própria,Farol da Barra - SSA FB 200,0.0
129,2009-05-24,0.6,0.08571428912026542,Própria,Farol da Barra - SSA FB 200,0.0
130,2009-03-01,6.0,0.8571428571428571,Indisponível,Farol da Barra - SSA FB 200,2.0
131,2010-10-03,1.6,0.22857143197740828,Própria,Farol da Barra - SSA FB 200,0.0
132,2011-07-10,2.6,0.3714285578046526,Própria,Farol da Barra - SSA FB 200,0.0
133,2010-01-24,3.0,0.42857142857142855,Indisponível,Farol da Barra - SSA FB 200,2.0
134,2011-11-13,7.2,1.028571401323591,Própria,Farol da Barra - SSA FB 200,0.0
135,2009-01-18,0.0,0.0,Própria,Farol da Barra - SSA FB 200,0.0
136,2012-08-19,39.4,5.628571646554129,Própria,Farol da Barra - SSA FB 200,0.0
137,2009-05-10,0.4,0.05714285799435207,Própria,Farol da Barra - SSA FB 200,0.0
138,2010-10-17,51.0,7.285714285714286,Própria,Farol da Barra - SSA FB 200,0.0
139,2010-01-17,21.4,3.057142802647182,Indisponível,Farol da Barra - SSA FB 200,2.0
140,2009-01-25,19.0,2.7142857142857144,Própria,Farol da Barra - SSA FB 200,0.0
141,2012-05-27,18.6,2.6571429116385326,Própria,Farol da Barra - SSA FB 200,0.0
142,2012-07-29,29.0,4.142857142857143,Indisponível,Farol da Barra - SSA FB 200,2.0
143,2010-09-05,31.6,4.51428576878139,Indisponível,Farol da Barra - SSA FB 200,2.0
144,2010-04-11,0.0,0.0,Indisponível,Farol da Barra - SSA FB 200,2.0
145,2010-05-16,30.0,4.285714285714286,Indisponível,Farol da Barra - SSA FB 200,2.0
146,2011-11-06,177.2,25.314285278320312,Própria,Farol da Barra - SSA FB 200,0.0
147,2010-05-02,116.8,16.685714721679688,Indisponível,Farol da Barra - SSA FB 200,2.0
148,2009-04-12,10.4,1.4857142312186105,Indisponível,Farol da Barra - SSA FB 200,2.0
149,2010-03-28,16.8,2.3999998910086497,Indisponível,Farol da Barra - SSA FB 200,2.0
150,2012-07-01,35.4,5.057143075125558,Própria,Farol da Barra - SSA FB 200,0.0
151,2011-09-18,4.8,0.6857143129621234,Imprópria,Farol da Barra - SSA FB 200,1.0
152,2011-06-12,98.8,14.114286150251116,Indisponível,Farol da Barra - SSA FB 200,2.0
153,2011-10-09,3.0,0.42857142857142855,Própria,Farol da Barra - SSA FB 200,0.0
154,2012-08-26,7.8,1.1142857415335519,Própria,Farol da Barra - SSA FB 200,0.0
155,2010-05-09,7.4,1.057142870766776,Indisponível,Farol da Barra - SSA FB 200,2.0
156,2012-08-12,58.6,8.37142835344587,Própria,Farol da Barra - SSA FB 200,0.0
157,2010-05-30,15.6,2.2285714830671037,Indisponível,Farol da Barra - SSA FB 200,2.0
158,2011-06-19,23.6,3.3714286259242465,Própria,Farol da Barra - SSA FB 200,0.0
159,2008-09-14,15.8,2.257142884390695,Indisponível,Farol da Barra - SSA FB 200,2.0
160,2010-06-13,34.0,4.857142857142857,Própria,Farol da Barra - SSA FB 200,0.0
161,2012-09-09,0.8,0.11428571598870414,Indisponível,Farol da Barra - SSA FB 200,2.0
162,2009-05-17,0.4,0.05714285799435207,Imprópria,Farol da Barra - SSA FB 200,1.0
163,2009-06-14,35.6,5.085714067731585,Própria,Farol da Barra - SSA FB 200,0.0
164,2010-06-06,18.0,2.5714285714285716,Indisponível,Farol da Barra - SSA FB 200,2.0
165,2010-08-29,12.8,1.8285714558192663,Indisponível,Farol da Barra - SSA FB 200,2.0
166,2012-04-15,25.8,3.6857141767229353,Imprópria,Farol da Barra - SSA FB 200,1.0
167,2012-06-03,21.2,3.028571537562779,Própria,Farol da Barra - SSA FB 200,0.0
168,2010-10-10,0.0,0.0,Própria,Farol da Barra - SSA FB 200,0.0
169,2011-08-07,0.2,0.028571428997176036,Própria,Farol da Barra - SSA FB 200,0.0
170,2010-02-28,0.0,0.0,Indisponível,Farol da Barra - SSA FB 200,2.0
171,2010-08-08,16.0,2.2857142857142856,Indisponível,Farol da Barra - SSA FB 200,2.0
172,2009-03-22,0.0,0.0,Indisponível,Farol da Barra - SSA FB 200,2.0
173,2012-05-20,299.6,42.800000871930806,Própria,Farol da Barra - SSA FB 200,0.0
174,2012-04-29,4.8,0.6857143129621234,Própria,Farol da Barra - SSA FB 200,0.0
175,2010-06-27,245.8,35.11428615025112,Própria,Farol da Barra - SSA FB 200,0.0
176,2012-11-11,0.2,0.028571428997176036,Própria,Farol da Barra - SSA FB 200,0.0
177,2014-02-16,39.0,5.571428571428571,Própria,Farol da Barra - SSA FB 200,0.0
178,2015-05-10,95.4,13.62857164655413,Imprópria,Farol da Barra - SSA FB 200,1.0
179,2016-07-17,9.2,1.3142856870378767,Própria,Farol da Barra - SSA FB 200,0.0
180,2016-07-03,35.4,5.057143075125558,Própria,Farol da Barra - SSA FB 200,0.0
181,2013-03-17,12.4,1.7714285169328963,Própria,Farol da Barra - SSA FB 200,0.0
182,2014-07-06,26.4,3.7714285169328963,Própria,Farol da Barra - SSA FB 200,0.0
183,2012-10-21,4.6,0.6571428435189384,Própria,Farol da Barra - SSA FB 200,0.0
184,2015-04-19,1.6,0.22857143197740828,Própria,Farol da Barra - SSA FB 200,0.0
185,2013-05-19,37.6,5.371428353445871,Imprópria,Farol da Barra - SSA FB 200,1.0
186,2013-03-31,6.8,0.9714285986764091,Própria,Farol da Barra - SSA FB 200,0.0
187,2013-11-03,49.0,7.0,Própria,Farol da Barra - SSA FB 200,0.0
188,2014-07-13,63.8,9.114285605294365,Própria,Farol da Barra - SSA FB 200,0.0
189,2015-09-06,2.0,0.2857142857142857,Imprópria,Farol da Barra - SSA FB 200,1.0
190,2014-01-05,8.6,1.2285714830671037,Própria,Farol da Barra - SSA FB 200,0.0
191,2014-06-22,147.0,21.0,Própria,Farol da Barra - SSA FB 200,0.0
192,2016-10-23,0.0,0.0,Própria,Farol da Barra - SSA FB 200,0.0
193,2014-03-09,11.4,1.6285713740757533,Imprópria,Farol da Barra - SSA FB 200,1.0
194,2014-11-09,3.2,0.45714286395481657,Própria,Farol da Barra - SSA FB 200,0.0
195,2015-09-20,3.6,0.5142857006617955,Imprópria,Farol da Barra - SSA FB 200,1.0
196,2014-03-02,44.6,6.371428353445871,Imprópria,Farol da Barra - SSA FB 200,1.0
197,2014-05-11,156.6,22.371429443359375,Imprópria,Farol da Barra - SSA FB 200,1.0
198,2014-03-30,0.2,0.028571428997176036,Própria,Farol da Barra - SSA FB 200,0.0
199,2013-10-13,45.0,6.428571428571429,Imprópria,Farol da Barra - SSA FB 200,1.0
200,2014-10-05,4.4,0.6285714421953473,Própria,Farol da Barra - SSA FB 200,0.0
201,2014-03-16,4.0,0.5714285714285714,Imprópria,Farol da Barra - SSA FB 200,1.0
202,2015-02-01,0.4,0.05714285799435207,Própria,Farol da Barra - SSA FB 200,0.0
203,2015-12-06,0.0,0.0,Própria,Farol da Barra - SSA FB 200,0.0
204,2014-08-10,24.2,3.4571429661342075,Própria,Farol da Barra - SSA FB 200,0.0
205,2014-08-03,15.2,2.171428544180734,Própria,Farol da Barra - SSA FB 200,0.0
206,2015-03-22,20.0,2.857142857142857,Própria,Farol da Barra - SSA FB 200,0.0
207,2013-08-25,63.4,9.057143075125557,Imprópria,Farol da Barra - SSA FB 200,1.0
208,2015-05-03,29.0,4.142857142857143,Própria,Farol da Barra - SSA FB 200,0.0
209,2015-11-15,0.0,0.0,Própria,Farol da Barra - SSA FB 200,0.0
210,2013-10-06,169.6,24.228572300502233,Imprópria,Farol da Barra - SSA FB 200,1.0
211,2014-10-26,4.0,0.5714285714285714,Própria,Farol da Barra - SSA FB 200,0.0
212,2014-01-12,9.8,1.4000000272478377,Própria,Farol da Barra - SSA FB 200,0.0
213,2014-12-07,43.6,6.228571210588727,Imprópria,Farol da Barra - SSA FB 200,1.0
214,2016-06-19,14.8,2.114285741533552,Própria,Farol da Barra - SSA FB 200,0.0
215,2014-06-15,20.0,2.857142857142857,Própria,Farol da Barra - SSA FB 200,0.0
216,2016-03-27,15.4,2.1999999455043246,Própria,Farol da Barra - SSA FB 200,0.0
217,2012-11-04,7.8,1.1142857415335519,Própria,Farol da Barra - SSA FB 200,0.0
218,2016-07-31,8.4,1.1999999455043249,Própria,Farol da Barra - SSA FB 200,0.0
219,2013-09-15,39.8,5.685714176722935,Imprópria,Farol da Barra - SSA FB 200,1.0
220,2014-07-27,72.0,10.285714285714286,Imprópria,Farol da Barra - SSA FB 200,1.0
221,2013-09-29,0.8,0.11428571598870414,Própria,Farol da Barra - SSA FB 200,0.0
222,2013-12-22,8.4,1.1999999455043249,Imprópria,Farol da Barra - SSA FB 200,1.0
223,2015-08-02,17.2,2.4571429661342075,Própria,Farol da Barra - SSA FB 200,0.0
224,2014-09-14,8.2,1.1714285441807337,Imprópria,Farol da Barra - SSA FB 200,1.0
225,2015-11-08,1.0,0.14285714285714285,Própria,Farol da Barra - SSA FB 200,0.0
226,2015-01-11,1.0,0.14285714285714285,Própria,Farol da Barra - SSA FB 200,0.0
227,2016-10-30,28.0,4.0,Própria,Farol da Barra - SSA FB 200,0.0
228,2013-08-11,19.4,2.7714285169328963,Imprópria,Farol da Barra - SSA FB 200,1.0
229,2015-10-11,0.0,0.0,Própria,Farol da Barra - SSA FB 200,0.0
230,2014-10-12,6.8,0.9714285986764091,Própria,Farol da Barra - SSA FB 200,0.0
231,2015-10-25,3.6,0.5142857006617955,Própria,Farol da Barra - SSA FB 200,0.0
232,2015-07-12,34.0,4.857142857142857,Própria,Farol da Barra - SSA FB 200,0.0
233,2012-11-18,0.4,0.05714285799435207,Própria,Farol da Barra - SSA FB 200,0.0
234,2013-04-28,56.2,8.02857153756278,Imprópria,Farol da Barra - SSA FB 200,1.0
235,2016-09-18,0.2,0.028571428997176036,Imprópria,Farol da Barra - SSA FB 200,1.0
236,2014-11-16,37.6,5.371428353445871,Própria,Farol da Barra - SSA FB 200,0.0
237,2015-10-18,4.8,0.6857143129621234,Própria,Farol da Barra - SSA FB 200,0.0
238,2015-11-22,2.0,0.2857142857142857,Própria,Farol da Barra - SSA FB 200,0.0
239,2016-03-20,11.6,1.6571429116385323,Própria,Farol da Barra - SSA FB 200,0.0
240,2013-12-08,6.0,0.8571428571428571,Própria,Farol da Barra - SSA FB 200,0.0
241,2015-03-15,1.4,0.1999999965940203,Própria,Farol da Barra - SSA FB 200,0.0
242,2016-05-08,5.4,0.7714285850524902,Própria,Farol da Barra - SSA FB 200,0.0
243,2014-08-17,8.8,1.2571428843906947,Própria,Farol da Barra - SSA FB 200,0.0
244,2014-04-27,4.4,0.6285714421953473,Própria,Farol da Barra - SSA FB 200,0.0
245,2015-03-01,5.8,0.8285714558192662,Própria,Farol da Barra - SSA FB 200,0.0
246,2014-09-28,11.0,1.5714285714285714,Imprópria,Farol da Barra - SSA FB 200,1.0
247,2016-08-07,2.0,0.2857142857142857,Imprópria,Farol da Barra - SSA FB 200,1.0
248,2016-11-06,17.2,2.4571429661342075,Imprópria,Farol da Barra - SSA FB 200,1.0
249,2016-07-10,2.6,0.3714285578046526,Própria,Farol da Barra - SSA FB 200,0.0
250,2013-04-14,106.6,15.228571210588727,Própria,Farol da Barra - SSA FB 200,0.0
251,2015-12-27,1.8,0.25714285033089773,Imprópria,Farol da Barra - SSA FB 200,1.0
252,2013-09-08,35.2,5.028571537562779,Imprópria,Farol da Barra - SSA FB 200,1.0
253,2015-01-25,5.8,0.8285714558192662,Própria,Farol da Barra - SSA FB 200,0.0
254,2016-07-24,28.2,4.028571537562779,Própria,Farol da Barra - SSA FB 200,0.0
255,2016-02-28,18.2,2.6000001089913503,Própria,Farol da Barra - SSA FB 200,0.0
256,2014-01-26,15.8,2.257142884390695,Própria,Farol da Barra - SSA FB 200,0.0
257,2016-01-24,0.2,0.028571428997176036,Própria,Farol da Barra - SSA FB 200,0.0
258,2016-10-09,9.4,1.3428570883614677,Própria,Farol da Barra - SSA FB 200,0.0
259,2016-05-01,75.2,10.742856706891741,Própria,Farol da Barra - SSA FB 200,0.0
260,2013-12-01,23.0,3.2857142857142856,Própria,Farol da Barra - SSA FB 200,0.0
261,2014-12-21,10.8,1.5428571701049805,Própria,Farol da Barra - SSA FB 200,0.0
262,2013-09-01,24.8,3.5428570338657925,Imprópria,Farol da Barra - SSA FB 200,1.0
263,2013-10-27,7.8,1.1142857415335519,Própria,Farol da Barra - SSA FB 200,0.0
264,2014-11-30,6.8,0.9714285986764091,Imprópria,Farol da Barra - SSA FB 200,1.0
265,2014-07-20,43.8,6.257142748151507,Imprópria,Farol da Barra - SSA FB 200,1.0
266,2015-08-30,3.4,0.48571429933820454,Própria,Farol da Barra - SSA FB 200,0.0
267,2013-08-18,93.8,13.400000435965401,Imprópria,Farol da Barra - SSA FB 200,1.0
268,2013-12-15,121.8,17.400000435965403,Própria,Farol da Barra - SSA FB 200,0.0
269,2014-10-19,9.4,1.3428570883614677,Própria,Farol da Barra - SSA FB 200,0.0
270,2016-06-05,0.0,0.0,Própria,Farol da Barra - SSA FB 200,0.0
271,2014-08-24,13.8,1.971428598676409,Própria,Farol da Barra - SSA FB 200,0.0
272,2016-08-21,124.2,17.74285670689174,Própria,Farol da Barra - SSA FB 200,0.0
273,2014-09-21,59.8,8.542857033865792,Imprópria,Farol da Barra - SSA FB 200,1.0
274,2013-01-06,0.8,0.11428571598870414,Própria,Farol da Barra - SSA FB 200,0.0
275,2014-05-25,26.8,3.828571319580078,Imprópria,Farol da Barra - SSA FB 200,1.0
276,2014-12-14,139.8,19.971429007393972,Própria,Farol da Barra - SSA FB 200,0.0
277,2013-09-22,5.8,0.8285714558192662,Imprópria,Farol da Barra - SSA FB 200,1.0
278,2016-08-14,2.8,0.3999999931880406,Própria,Farol da Barra - SSA FB 200,0.0
279,2015-08-16,18.0,2.5714285714285716,Própria,Farol da Barra - SSA FB 200,0.0
280,2016-12-11,4.2,0.5999999727521624,Própria,Farol da Barra - SSA FB 200,0.0
281,2016-04-17,20.2,2.8857143947056363,Própria,Farol da Barra - SSA FB 200,0.0
282,2014-01-19,13.4,1.914285659790039,Própria,Farol da Barra - SSA FB 200,0.0
283,2014-12-28,0.2,0.028571428997176036,Própria,Farol da Barra - SSA FB 200,0.0
284,2015-12-20,4.8,0.6857143129621234,Própria,Farol da Barra - SSA FB 200,0.0
285,2014-05-18,47.8,6.828571319580078,Imprópria,Farol da Barra - SSA FB 200,1.0
286,2016-05-15,65.6,9.37142835344587,Própria,Farol da Barra - SSA FB 200,0.0
287,2014-02-23,57.8,8.257142748151507,Própria,Farol da Barra - SSA FB 200,0.0
288,2016-02-21,2.8,0.3999999931880406,Própria,Farol da Barra - SSA FB 200,0.0
289,2016-10-16,7.6,1.085714272090367,Própria,Farol da Barra - SSA FB 200,0.0
290,2014-11-02,16.6,2.3714286259242465,Própria,Farol da Barra - SSA FB 200,0.0
291,2016-12-04,0.0,0.0,Própria,Farol da Barra - SSA FB 200,0.0
292,2015-08-09,34.4,4.914285932268415,Própria,Farol da Barra - SSA FB 200,0.0
293,2013-03-24,17.4,2.4857142312186107,Própria,Farol da Barra - SSA FB 200,0.0
294,2016-11-27,14.0,2.0,Própria,Farol da Barra - SSA FB 200,0.0
295,2016-04-03,5.4,0.7714285850524902,Própria,Farol da Barra - SSA FB 200,0.0
296,2015-06-28,104.6,14.942856924874443,Imprópria,Farol da Barra - SSA FB 200,1.0
297,2013-05-12,57.0,8.142857142857142,Imprópria,Farol da Barra - SSA FB 200,1.0
298,2013-11-24,128.6,18.371429443359375,Própria,Farol da Barra - SSA FB 200,0.0
299,2015-04-12,24.8,3.5428570338657925,Própria,Farol da Barra - SSA FB 200,0.0
300,2016-02-07,0.0,0.0,Própria,Farol da Barra - SSA FB 200,0.0
301,2015-06-07,43.6,6.228571210588727,Imprópria,Farol da Barra - SSA FB 200,1.0
302,2016-01-17,48.8,6.971428462437221,Própria,Farol da Barra - SSA FB 200,0.0
303,2014-05-04,18.4,2.6285713740757535,Imprópria,Farol da Barra - SSA FB 200,1.0
304,2015-05-24,37.0,5.285714285714286,Imprópria,Farol da Barra - SSA FB 200,1.0
305,2015-06-21,137.4,19.628570556640625,Própria,Farol da Barra - SSA FB 200,0.0
306,2015-07-26,13.8,1.971428598676409,Própria,Farol da Barra - SSA FB 200,0.0
307,2014-11-23,3.0,0.42857142857142855,Imprópria,Farol da Barra - SSA FB 200,1.0
308,2015-01-04,42.6,6.085714067731585,Própria,Farol da Barra - SSA FB 200,0.0
309,2015-09-13,14.6,2.085714340209961,Imprópria,Farol da Barra - SSA FB 200,1.0
310,2014-03-23,0.2,0.028571428997176036,Imprópria,Farol da Barra - SSA FB 200,1.0
311,2015-04-26,72.2,10.314285278320312,Imprópria,Farol da Barra - SSA FB 200,1.0
312,2013-05-05,16.8,2.3999998910086497,Imprópria,Farol da Barra - SSA FB 200,1.0
313,2013-04-07,0.0,0.0,Própria,Farol da Barra - SSA FB 200,0.0
314,2015-05-31,63.8,9.114285605294365,Própria,Farol da Barra - SSA FB 200,0.0
315,2016-04-24,2.6,0.3714285578046526,Imprópria,Farol da Barra - SSA FB 200,1.0
316,2015-02-15,46.0,6.571428571428571,Própria,Farol da Barra - SSA FB 200,0.0
317,2016-06-26,51.4,7.342857360839844,Própria,Farol da Barra - SSA FB 200,0.0
318,2015-09-27,1.6,0.22857143197740828,Imprópria,Farol da Barra - SSA FB 200,1.0
319,2015-10-04,10.0,1.4285714285714286,Própria,Farol da Barra - SSA FB 200,0.0
320,2015-03-08,6.0,0.8571428571428571,Própria,Farol da Barra - SSA FB 200,0.0
321,2016-03-06,6.6,0.9428571292332241,Própria,Farol da Barra - SSA FB 200,0.0
322,2012-10-28,3.6,0.5142857006617955,Própria,Farol da Barra - SSA FB 200,0.0
323,2016-01-31,11.4,1.6285713740757533,Própria,Farol da Barra - SSA FB 200,0.0
324,2015-12-13,11.2,1.5999999727521623,Própria,Farol da Barra - SSA FB 200,0.0
325,2014-02-09,25.4,3.6285713740757535,Própria,Farol da Barra - SSA FB 200,0.0
326,2015-11-29,0.0,0.0,Própria,Farol da Barra - SSA FB 200,0.0
327,2015-07-19,57.0,8.142857142857142,Própria,Farol da Barra - SSA FB 200,0.0
328,2016-03-13,2.0,0.2857142857142857,Própria,Farol da Barra - SSA FB 200,0.0
329,2013-12-29,0.0,0.0,Indisponível,Farol da Barra - SSA FB 200,2.0
330,2013-06-02,100.0,14.285714285714286,Indisponível,Farol da Barra - SSA FB 200,2.0
331,2016-06-12,80.0,11.428571428571429,Própria,Farol da Barra - SSA FB 200,0.0
332,2014-09-07,18.4,2.6285713740757535,Própria,Farol da Barra - SSA FB 200,0.0
333,2016-11-13,5.6,0.7999999863760812,Própria,Farol da Barra - SSA FB 200,0.0
334,2016-02-14,33.2,4.742857251848493,Própria,Farol da Barra - SSA FB 200,0.0
335,2016-05-29,11.6,1.6571429116385323,Própria,Farol da Barra - SSA FB 200,0.0
336,2013-11-17,8.0,1.1428571428571428,Própria,Farol da Barra - SSA FB 200,0.0
337,2013-10-20,4.2,0.5999999727521624,Própria,Farol da Barra - SSA FB 200,0.0
338,2015-02-22,44.2,6.314285823277065,Própria,Farol da Barra - SSA FB 200,0.0
339,2016-11-20,24.8,3.5428570338657925,Própria,Farol da Barra - SSA FB 200,0.0
340,2015-06-14,26.0,3.7142857142857144,Própria,Farol da Barra - SSA FB 200,0.0
341,2014-06-01,4.6,0.6571428435189384,Imprópria,Farol da Barra - SSA FB 200,1.0
342,2016-01-10,21.0,3.0,Própria,Farol da Barra - SSA FB 200,0.0
343,2015-01-18,4.8,0.6857143129621234,Própria,Farol da Barra - SSA FB 200,0.0
344,2015-07-05,77.0,11.0,Imprópria,Farol da Barra - SSA FB 200,1.0
345,2016-05-22,76.6,10.942856924874443,Imprópria,Farol da Barra - SSA FB 200,1.0
346,2013-03-10,7.8,1.1142857415335519,Própria,Farol da Barra - SSA FB 200,0.0
347,2015-03-29,0.4,0.05714285799435207,Própria,Farol da Barra - SSA FB 200,0.0
348,2013-11-10,20.0,2.857142857142857,Própria,Farol da Barra - SSA FB 200,0.0
349,2014-06-08,60.8,8.685714176722936,Própria,Farol da Barra - SSA FB 200,0.0
350,2015-02-08,2.2,0.31428572109767366,Própria,Farol da Barra - SSA FB 200,0.0
351,2015-04-05,183.0,26.142857142857142,Própria,Farol da Barra - SSA FB 200,0.0
352,2016-04-10,7.4,1.057142870766776,Própria,Farol da Barra - SSA FB 200,0.0
353,2014-08-31,4.2,0.5999999727521624,Própria,Farol da Barra - SSA FB 200,0.0
354,2015-08-23,15.0,2.142857142857143,Própria,Farol da Barra - SSA FB 200,0.0
355,2015-11-01,0.4,0.05714285799435207,Própria,Farol da Barra - SSA FB 200,0.0
356,2013-04-21,98.4,14.057143075125557,Própria,Farol da Barra - SSA FB 200,0.0
357,2016-09-04,13.4,1.914285659790039,Imprópria,Farol da Barra - SSA FB 200,1.0
358,2016-08-28,31.2,4.4571429661342075,Própria,Farol da Barra - SSA FB 200,0.0
359,2016-09-11,28.0,4.0,Imprópria,Farol da Barra - SSA FB 200,1.0
360,2014-02-02,43.6,6.228571210588727,Imprópria,Farol da Barra - SSA FB 200,1.0
361,2014-06-29,24.4,3.4857142312186107,Imprópria,Farol da Barra - SSA FB 200,1.0
362,2015-05-17,111.6,15.942856924874443,Imprópria,Farol da Barra - SSA FB 200,1.0
363,2019-09-22,34.8,4.971428462437221,Imprópria,Farol da Barra - SSA FB 200,1.0
364,2020-11-29,8.4,1.1999999455043249,Própria,Farol da Barra - SSA FB 200,0.0
365,2018-09-09,6.2,0.8857142584664481,Imprópria,Farol da Barra - SSA FB 200,1.0
366,2017-02-26,22.2,3.171428680419922,Própria,Farol da Barra - SSA FB 200,0.0
367,2020-10-04,0.0,0.0,Indisponível,Farol da Barra - SSA FB 200,2.0
368,2017-04-09,45.2,6.4571429661342075,Imprópria,Farol da Barra - SSA FB 200,1.0
369,2019-03-17,120.4,17.2000002179827,Imprópria,Farol da Barra - SSA FB 200,1.0
370,2019-04-28,3.0,0.42857142857142855,Imprópria,Farol da Barra - SSA FB 200,1.0
371,2019-07-28,79.4,11.342857360839844,Imprópria,Farol da Barra - SSA FB 200,1.0
372,2018-05-27,93.4,13.342857360839844,Própria,Farol da Barra - SSA FB 200,0.0
373,2018-07-29,3.8,0.5428571360451835,Própria,Farol da Barra - SSA FB 200,0.0
374,2020-10-18,30.4,4.342857088361468,Indisponível,Farol da Barra - SSA FB 200,2.0
375,2017-03-19,57.0,8.142857142857142,Imprópria,Farol da Barra - SSA FB 200,1.0
376,2019-09-08,63.2,9.02857153756278,Imprópria,Farol da Barra - SSA FB 200,1.0
377,2017-11-26,0.2,0.028571428997176036,Própria,Farol da Barra - SSA FB 200,0.0
378,2018-02-11,10.0,1.4285714285714286,Imprópria,Farol da Barra - SSA FB 200,1.0
379,2018-12-30,0.0,0.0,Imprópria,Farol da Barra - SSA FB 200,1.0
380,2018-09-30,1.0,0.14285714285714285,Própria,Farol da Barra - SSA FB 200,0.0
381,2018-01-14,13.2,1.8857142584664481,Imprópria,Farol da Barra - SSA FB 200,1.0
382,2018-10-07,6.8,0.9714285986764091,Própria,Farol da Barra - SSA FB 200,0.0
383,2018-10-21,48.4,6.914285932268415,Própria,Farol da Barra - SSA FB 200,0.0
384,2018-02-04,29.2,4.171428680419922,Própria,Farol da Barra - SSA FB 200,0.0
385,2018-06-03,68.4,9.771428789411273,Própria,Farol da Barra - SSA FB 200,0.0
386,2020-12-13,9.0,1.2857142857142858,Própria,Farol da Barra - SSA FB 200,0.0
387,2017-12-03,32.2,4.600000108991351,Própria,Farol da Barra - SSA FB 200,0.0
388,2018-06-24,48.0,6.857142857142857,Própria,Farol da Barra - SSA FB 200,0.0
389,2019-01-20,8.2,1.1714285441807337,Própria,Farol da Barra - SSA FB 200,0.0
390,2019-05-12,29.8,4.257142748151507,Imprópria,Farol da Barra - SSA FB 200,1.0
391,2018-06-10,16.8,2.3999998910086497,Própria,Farol da Barra - SSA FB 200,0.0
392,2018-07-08,19.8,2.828571319580078,Própria,Farol da Barra - SSA FB 200,0.0
393,2019-12-08,8.4,1.1999999455043249,Própria,Farol da Barra - SSA FB 200,0.0
394,2019-12-22,3.8,0.5428571360451835,Própria,Farol da Barra - SSA FB 200,0.0
395,2017-10-08,2.6,0.3714285578046526,Imprópria,Farol da Barra - SSA FB 200,1.0
396,2019-12-29,28.2,4.028571537562779,Própria,Farol da Barra - SSA FB 200,0.0
397,2019-07-07,118.4,16.914285932268417,Própria,Farol da Barra - SSA FB 200,0.0
398,2017-07-30,35.8,5.114285605294364,Imprópria,Farol da Barra - SSA FB 200,1.0
399,2019-08-25,35.0,5.0,Imprópria,Farol da Barra - SSA FB 200,1.0
400,2017-11-12,6.2,0.8857142584664481,Imprópria,Farol da Barra - SSA FB 200,1.0
401,2017-12-31,0.0,0.0,Própria,Farol da Barra - SSA FB 200,0.0
402,2017-08-20,37.4,5.342857360839844,Imprópria,Farol da Barra - SSA FB 200,1.0
403,2019-09-01,13.6,1.9428571973528181,Imprópria,Farol da Barra - SSA FB 200,1.0
404,2017-04-02,65.0,9.285714285714286,Própria,Farol da Barra - SSA FB 200,0.0
405,2020-02-09,1.0,0.14285714285714285,Imprópria,Farol da Barra - SSA FB 200,1.0
406,2018-09-16,1.2,0.17142857824053084,Imprópria,Farol da Barra - SSA FB 200,1.0
407,2018-12-09,93.6,13.37142835344587,Imprópria,Farol da Barra - SSA FB 200,1.0
408,2020-02-23,12.4,1.7714285169328963,Própria,Farol da Barra - SSA FB 200,0.0
409,2017-09-24,9.8,1.4000000272478377,Imprópria,Farol da Barra - SSA FB 200,1.0
410,2017-05-21,60.2,8.60000010899135,Própria,Farol da Barra - SSA FB 200,0.0
411,2019-09-29,40.6,5.7999997820172995,Imprópria,Farol da Barra - SSA FB 200,1.0
412,2017-12-17,16.2,2.3142858232770647,Imprópria,Farol da Barra - SSA FB 200,1.0
413,2018-08-12,0.6,0.08571428912026542,Própria,Farol da Barra - SSA FB 200,0.0
414,2019-02-10,0.2,0.028571428997176036,Imprópria,Farol da Barra - SSA FB 200,1.0
415,2017-09-10,20.8,2.971428462437221,Imprópria,Farol da Barra - SSA FB 200,1.0
416,2017-01-01,0.6,0.08571428912026542,Própria,Farol da Barra - SSA FB 200,0.0
417,2017-06-25,39.2,5.600000108991351,Imprópria,Farol da Barra - SSA FB 200,1.0
418,2018-04-08,55.0,7.857142857142857,Própria,Farol da Barra - SSA FB 200,0.0
419,2020-12-20,13.8,1.971428598676409,Indisponível,Farol da Barra - SSA FB 200,2.0
420,2017-12-10,34.0,4.857142857142857,Própria,Farol da Barra - SSA FB 200,0.0
421,2021-01-24,8.8,1.2571428843906947,Própria,Farol da Barra - SSA FB 200,0.0
422,2017-03-05,4.6,0.6571428435189384,Própria,Farol da Barra - SSA FB 200,0.0
423,2018-03-04,0.0,0.0,Imprópria,Farol da Barra - SSA FB 200,1.0
424,2019-04-21,22.6,3.2285714830671037,Imprópria,Farol da Barra - SSA FB 200,1.0
425,2018-03-25,19.6,2.8000000544956754,Própria,Farol da Barra - SSA FB 200,0.0
426,2019-05-19,22.4,3.1999999455043246,Imprópria,Farol da Barra - SSA FB 200,1.0
427,2017-04-30,101.8,14.542857578822545,Própria,Farol da Barra - SSA FB 200,0.0
428,2018-04-15,34.4,4.914285932268415,Própria,Farol da Barra - SSA FB 200,0.0
429,2019-03-03,11.4,1.6285713740757533,Imprópria,Farol da Barra - SSA FB 200,1.0
430,2020-11-01,87.8,12.542857578822545,Imprópria,Farol da Barra - SSA FB 200,1.0
431,2017-02-12,24.8,3.5428570338657925,Própria,Farol da Barra - SSA FB 200,0.0
432,2018-12-23,23.8,3.3999998910086497,Imprópria,Farol da Barra - SSA FB 200,1.0
433,2017-06-18,31.2,4.4571429661342075,Imprópria,Farol da Barra - SSA FB 200,1.0
434,2019-06-30,11.4,1.6285713740757533,Própria,Farol da Barra - SSA FB 200,0.0
435,2020-10-25,25.8,3.6857141767229353,Imprópria,Farol da Barra - SSA FB 200,1.0
436,2017-05-28,26.4,3.7714285169328963,Imprópria,Farol da Barra - SSA FB 200,1.0
437,2016-12-25,2.6,0.3714285578046526,Própria,Farol da Barra - SSA FB 200,0.0
438,2018-04-22,54.2,7.742857251848493,Própria,Farol da Barra - SSA FB 200,0.0
439,2019-04-07,114.6,16.37142835344587,Imprópria,Farol da Barra - SSA FB 200,1.0
440,2019-03-10,9.6,1.3714286259242467,Imprópria,Farol da Barra - SSA FB 200,1.0
441,2018-08-19,10.4,1.4857142312186105,Própria,Farol da Barra - SSA FB 200,0.0
442,2020-11-22,11.4,1.6285713740757533,Imprópria,Farol da Barra - SSA FB 200,1.0
443,2017-08-06,15.6,2.2285714830671037,Imprópria,Farol da Barra - SSA FB 200,1.0
444,2017-12-24,0.0,0.0,Própria,Farol da Barra - SSA FB 200,0.0
445,2018-03-18,143.2,20.457142421177455,Imprópria,Farol da Barra - SSA FB 200,1.0
446,2018-04-29,26.4,3.7714285169328963,Própria,Farol da Barra - SSA FB 200,0.0
447,2019-12-15,15.4,2.1999999455043246,Própria,Farol da Barra - SSA FB 200,0.0
448,2017-11-05,1.2,0.17142857824053084,Imprópria,Farol da Barra - SSA FB 200,1.0
449,2019-01-13,10.2,1.4571428298950195,Imprópria,Farol da Barra - SSA FB 200,1.0
450,2020-03-22,91.0,13.0,Imprópria,Farol da Barra - SSA FB 200,1.0
451,2019-07-14,60.0,8.571428571428571,Imprópria,Farol da Barra - SSA FB 200,1.0
452,2017-01-08,2.4,0.3428571564810617,Própria,Farol da Barra - SSA FB 200,0.0
453,2020-01-05,0.0,0.0,Própria,Farol da Barra - SSA FB 200,0.0
454,2016-12-18,35.2,5.028571537562779,Própria,Farol da Barra - SSA FB 200,0.0
455,2020-03-08,45.2,6.4571429661342075,Própria,Farol da Barra - SSA FB 200,0.0
456,2018-07-01,25.0,3.5714285714285716,Própria,Farol da Barra - SSA FB 200,0.0
457,2018-08-26,23.0,3.2857142857142856,Imprópria,Farol da Barra - SSA FB 200,1.0
458,2017-04-23,2.2,0.31428572109767366,Própria,Farol da Barra - SSA FB 200,0.0
459,2019-11-24,184.0,26.285714285714285,Própria,Farol da Barra - SSA FB 200,0.0
460,2017-03-26,55.4,7.914285932268415,Própria,Farol da Barra - SSA FB 200,0.0
461,2017-05-07,53.6,7.657142639160156,Imprópria,Farol da Barra - SSA FB 200,1.0
462,2017-02-05,0.0,0.0,Própria,Farol da Barra - SSA FB 200,0.0
463,2017-10-01,3.6,0.5142857006617955,Imprópria,Farol da Barra - SSA FB 200,1.0
464,2019-11-17,3.0,0.42857142857142855,Própria,Farol da Barra - SSA FB 200,0.0
465,2018-06-17,17.6,2.5142857687813893,Própria,Farol da Barra - SSA FB 200,0.0
466,2018-12-16,1.4,0.1999999965940203,Imprópria,Farol da Barra - SSA FB 200,1.0
467,2019-02-03,0.4,0.05714285799435207,Imprópria,Farol da Barra - SSA FB 200,1.0
468,2017-10-22,4.6,0.6571428435189384,Imprópria,Farol da Barra - SSA FB 200,1.0
469,2018-07-15,8.2,1.1714285441807337,Própria,Farol da Barra - SSA FB 200,0.0
470,2018-02-18,0.4,0.05714285799435207,Imprópria,Farol da Barra - SSA FB 200,1.0
471,2017-06-11,9.2,1.3142856870378767,Imprópria,Farol da Barra - SSA FB 200,1.0
472,2019-08-04,22.4,3.1999999455043246,Imprópria,Farol da Barra - SSA FB 200,1.0
473,2019-10-20,0.8,0.11428571598870414,Própria,Farol da Barra - SSA FB 200,0.0
474,2018-05-13,23.8,3.3999998910086497,Própria,Farol da Barra - SSA FB 200,0.0
475,2017-05-14,107.4,15.342857360839844,Própria,Farol da Barra - SSA FB 200,0.0
476,2018-01-21,33.6,4.7999997820172995,Própria,Farol da Barra - SSA FB 200,0.0
477,2018-12-02,23.4,3.3428570883614674,Imprópria,Farol da Barra - SSA FB 200,1.0
478,2017-08-27,7.0,1.0,Própria,Farol da Barra - SSA FB 200,0.0
479,2018-10-28,2.8,0.3999999931880406,Imprópria,Farol da Barra - SSA FB 200,1.0
480,2020-01-12,1.4,0.1999999965940203,Própria,Farol da Barra - SSA FB 200,0.0
481,2019-05-26,41.6,5.942856924874442,Imprópria,Farol da Barra - SSA FB 200,1.0
482,2020-09-27,3.2,0.45714286395481657,Indisponível,Farol da Barra - SSA FB 200,2.0
483,2018-09-23,1.4,0.1999999965940203,Imprópria,Farol da Barra - SSA FB 200,1.0
484,2019-01-27,28.8,4.114285605294364,Própria,Farol da Barra - SSA FB 200,0.0
485,2020-01-19,67.0,9.571428571428571,Própria,Farol da Barra - SSA FB 200,0.0
486,2020-03-01,68.6,9.799999782017299,Própria,Farol da Barra - SSA FB 200,0.0
487,2020-03-15,9.8,1.4000000272478377,Própria,Farol da Barra - SSA FB 200,0.0
488,2020-11-08,0.6,0.08571428912026542,Imprópria,Farol da Barra - SSA FB 200,1.0
489,2017-07-23,44.6,6.371428353445871,Imprópria,Farol da Barra - SSA FB 200,1.0
490,2020-12-27,2.8,0.3999999931880406,Própria,Farol da Barra - SSA FB 200,0.0
491,2019-07-21,34.0,4.857142857142857,Própria,Farol da Barra - SSA FB 200,0.0
492,2019-04-14,26.8,3.828571319580078,Imprópria,Farol da Barra - SSA FB 200,1.0
493,2021-01-31,42.8,6.114285605294364,Própria,Farol da Barra - SSA FB 200,0.0
494,2018-07-22,8.6,1.2285714830671037,Própria,Farol da Barra - SSA FB 200,0.0
495,2019-08-18,16.8,2.3999998910086497,Imprópria,Farol da Barra - SSA FB 200,1.0
496,2018-01-28,0.0,0.0,Própria,Farol da Barra - SSA FB 200,0.0
497,2019-12-01,0.0,0.0,Própria,Farol da Barra - SSA FB 200,0.0
498,2017-07-09,93.4,13.342857360839844,Própria,Farol da Barra - SSA FB 200,0.0
499,2018-03-11,1.6,0.22857143197740828,Imprópria,Farol da Barra - SSA FB 200,1.0
500,2019-06-02,69.8,9.971429007393974,Imprópria,Farol da Barra - SSA FB 200,1.0
501,2021-01-10,138.8,19.82857186453683,Própria,Farol da Barra - SSA FB 200,0.0
502,2017-01-22,9.4,1.3428570883614677,Própria,Farol da Barra - SSA FB 200,0.0
503,2019-02-17,0.6,0.08571428912026542,Imprópria,Farol da Barra - SSA FB 200,1.0
504,2017-03-12,60.0,8.571428571428571,Própria,Farol da Barra - SSA FB 200,0.0
505,2018-05-06,65.6,9.37142835344587,Própria,Farol da Barra - SSA FB 200,0.0
506,2019-06-09,63.8,9.114285605294365,Imprópria,Farol da Barra - SSA FB 200,1.0
507,2020-02-16,29.2,4.171428680419922,Própria,Farol da Barra - SSA FB 200,0.0
508,2017-01-15,3.8,0.5428571360451835,Própria,Farol da Barra - SSA FB 200,0.0
509,2019-11-03,9.6,1.3714286259242467,Própria,Farol da Barra - SSA FB 200,0.0
510,2017-09-17,24.2,3.4571429661342075,Própria,Farol da Barra - SSA FB 200,0.0
511,2019-03-24,117.2,16.74285670689174,Imprópria,Farol da Barra - SSA FB 200,1.0
512,2019-10-27,31.0,4.428571428571429,Própria,Farol da Barra - SSA FB 200,0.0
513,2020-01-26,10.6,1.5142857687813895,Própria,Farol da Barra - SSA FB 200,0.0
514,2019-06-16,44.4,6.342857360839844,Imprópria,Farol da Barra - SSA FB 200,1.0
515,2019-08-11,37.4,5.342857360839844,Imprópria,Farol da Barra - SSA FB 200,1.0
516,2019-11-10,6.2,0.8857142584664481,Própria,Farol da Barra - SSA FB 200,0.0
517,2020-12-06,0.8,0.11428571598870414,Própria,Farol da Barra - SSA FB 200,0.0
518,2017-07-02,42.4,6.057143075125558,Imprópria,Farol da Barra - SSA FB 200,1.0
519,2018-09-02,64.2,9.17142813546317,Imprópria,Farol da Barra - SSA FB 200,1.0
520,2017-07-16,31.8,4.5428570338657925,Imprópria,Farol da Barra - SSA FB 200,1.0
521,2019-10-06,16.2,2.3142858232770647,Imprópria,Farol da Barra - SSA FB 200,1.0
522,2020-10-11,0.0,0.0,Indisponível,Farol da Barra - SSA FB 200,2.0
523,2017-02-19,53.8,7.685714176722935,Imprópria,Farol da Barra - SSA FB 200,1.0
524,2019-09-15,19.0,2.7142857142857144,Imprópria,Farol da Barra - SSA FB 200,1.0
525,2017-04-16,44.6,6.371428353445871,Imprópria,Farol da Barra - SSA FB 200,1.0
526,2017-10-15,61.2,8.742857251848493,Própria,Farol da Barra - SSA FB 200,0.0
527,2018-11-11,0.8,0.11428571598870414,Própria,Farol da Barra - SSA FB 200,0.0
528,2017-10-29,67.2,9.599999564034599,Imprópria,Farol da Barra - SSA FB 200,1.0
529,2019-01-06,11.6,1.6571429116385323,Própria,Farol da Barra - SSA FB 200,0.0
530,2018-05-20,56.2,8.02857153756278,Própria,Farol da Barra - SSA FB 200,0.0
531,2020-02-02,3.8,0.5428571360451835,Própria,Farol da Barra - SSA FB 200,0.0
532,2018-08-05,3.6,0.5142857006617955,Própria,Farol da Barra - SSA FB 200,0.0
533,2019-10-13,2.0,0.2857142857142857,Imprópria,Farol da Barra - SSA FB 200,1.0
534,2019-02-24,0.0,0.0,Imprópria,Farol da Barra - SSA FB 200,1.0
535,2020-11-15,35.2,5.028571537562779,Imprópria,Farol da Barra - SSA FB 200,1.0
536,2018-10-14,1.0,0.14285714285714285,Própria,Farol da Barra - SSA FB 200,0.0
537,2017-11-19,3.0,0.42857142857142855,Imprópria,Farol da Barra - SSA FB 200,1.0
538,2018-04-01,3.6,0.5142857006617955,Imprópria,Farol da Barra - SSA FB 200,1.0
539,2018-11-18,1.6,0.22857143197740828,Imprópria,Farol da Barra - SSA FB 200,1.0
540,2021-01-17,10.2,1.4571428298950195,Própria,Farol da Barra - SSA FB 200,0.0
541,2017-09-03,78.4,11.200000217982701,Própria,Farol da Barra - SSA FB 200,0.0
542,2021-02-07,0.0,0.0,Imprópria,Farol da Barra - SSA FB 200,1.0
543,2017-06-04,24.8,3.5428570338657925,Imprópria,Farol da Barra - SSA FB 200,1.0
544,2019-05-05,139.0,19.857142857142858,Imprópria,Farol da Barra - SSA FB 200,1.0
545,2018-11-04,25.8,3.6857141767229353,Própria,Farol da Barra - SSA FB 200,0.0
546,2019-03-31,62.2,8.885714394705635,Imprópria,Farol da Barra - SSA FB 200,1.0
547,2019-06-23,16.0,2.2857142857142856,Imprópria,Farol da Barra - SSA FB 200,1.0
548,2018-11-25,35.2,5.028571537562779,Imprópria,Farol da Barra - SSA FB 200,1.0
549,2017-01-29,9.6,1.3714286259242467,Própria,Farol da Barra - SSA FB 200,0.0
550,2018-02-25,5.4,0.7714285850524902,Imprópria,Farol da Barra - SSA FB 200,1.0
551,2017-08-13,9.4,1.3428570883614677,Imprópria,Farol da Barra - SSA FB 200,1.0
552,2018-01-07,28.6,4.085714340209961,Própria,Farol da Barra - SSA FB 200,0.0
553,2022-07-31,19.4,2.7714285169328963,Própria,Farol da Barra - SSA FB 200,0.0
554,2022-12-25,13.0,1.8571428571428572,Própria,Farol da Barra - SSA FB 200,0.0
555,2022-04-10,39.2,5.600000108991351,Indisponível,Farol da Barra - SSA FB 200,2.0
556,2023-03-12,57.6,8.228571210588727,Própria,Farol da Barra - SSA FB 200,0.0
557,2022-05-01,18.4,2.6285713740757535,Própria,Farol da Barra - SSA FB 200,0.0
558,2022-11-20,66.2,9.457142421177455,Imprópria,Farol da Barra - SSA FB 200,1.0
559,2021-04-25,41.2,5.885714394705636,Indisponível,Farol da Barra - SSA FB 200,2.0
560,2021-03-07,0.0,0.0,Indisponível,Farol da Barra - SSA FB 200,2.0
561,2021-09-05,0.2,0.028571428997176036,Própria,Farol da Barra - SSA FB 200,0.0
562,2022-01-09,2.2,0.31428572109767366,Própria,Farol da Barra - SSA FB 200,0.0
563,2022-12-11,0.0,0.0,Imprópria,Farol da Barra - SSA FB 200,1.0
564,2021-07-11,56.2,8.02857153756278,Própria,Farol da Barra - SSA FB 200,0.0
565,2022-06-05,26.8,3.828571319580078,Própria,Farol da Barra - SSA FB 200,0.0
566,2021-06-20,46.0,6.571428571428571,Própria,Farol da Barra - SSA FB 200,0.0
567,2021-06-27,39.8,5.685714176722935,Própria,Farol da Barra - SSA FB 200,0.0
568,2022-08-07,14.0,2.0,Própria,Farol da Barra - SSA FB 200,0.0
569,2021-09-26,14.0,2.0,Própria,Farol da Barra - SSA FB 200,0.0
570,2022-06-19,23.2,3.3142858232770647,Própria,Farol da Barra - SSA FB 200,0.0
571,2022-07-24,33.2,4.742857251848493,Imprópria,Farol da Barra - SSA FB 200,1.0
572,2022-01-23,9.2,1.3142856870378767,Própria,Farol da Barra - SSA FB 200,0.0
573,2022-08-14,14.6,2.085714340209961,Própria,Farol da Barra - SSA FB 200,0.0
574,2021-05-09,37.2,5.314285823277065,Própria,Farol da Barra - SSA FB 200,0.0
575,2022-07-10,28.2,4.028571537562779,Própria,Farol da Barra - SSA FB 200,0.0
576,2022-01-16,13.8,1.971428598676409,Própria,Farol da Barra - SSA FB 200,0.0
577,2021-02-21,5.0,0.7142857142857143,Própria,Farol da Barra - SSA FB 200,0.0
578,2021-06-13,9.0,1.2857142857142858,Própria,Farol da Barra - SSA FB 200,0.0
579,2023-04-09,12.8,1.8285714558192663,Imprópria,Farol da Barra - SSA FB 200,1.0
580,2021-08-01,108.8,15.542857578822545,Própria,Farol da Barra - SSA FB 200,0.0
581,2021-03-21,3.6,0.5142857006617955,Indisponível,Farol da Barra - SSA FB 200,2.0
582,2022-12-04,11.6,1.6571429116385323,Própria,Farol da Barra - SSA FB 200,0.0
583,2021-05-16,7.8,1.1142857415335519,Própria,Farol da Barra - SSA FB 200,0.0
584,2022-10-23,44.8,6.399999891008649,Própria,Farol da Barra - SSA FB 200,0.0
585,2021-03-14,19.2,2.7428572518484935,Indisponível,Farol da Barra - SSA FB 200,2.0
586,2022-02-06,8.4,1.1999999455043249,Própria,Farol da Barra - SSA FB 200,0.0
587,2021-07-18,53.4,7.628571646554129,Própria,Farol da Barra - SSA FB 200,0.0
588,2023-04-02,66.4,9.485714503696986,Imprópria,Farol da Barra - SSA FB 200,1.0
589,2021-09-12,2.2,0.31428572109767366,Própria,Farol da Barra - SSA FB 200,0.0
590,2022-09-25,6.4,0.9142857279096331,Própria,Farol da Barra - SSA FB 200,0.0
591,2023-03-26,36.2,5.171428680419922,Imprópria,Farol da Barra - SSA FB 200,1.0
592,2021-04-04,97.0,13.857142857142858,Indisponível,Farol da Barra - SSA FB 200,2.0
593,2023-02-05,1.6,0.22857143197740828,Imprópria,Farol da Barra - SSA FB 200,1.0
594,2021-04-11,86.6,12.37142835344587,Indisponível,Farol da Barra - SSA FB 200,2.0
595,2021-07-04,49.0,7.0,Própria,Farol da Barra - SSA FB 200,0.0
596,2021-10-10,1.8,0.25714285033089773,Própria,Farol da Barra - SSA FB 200,0.0
597,2022-06-12,6.4,0.9142857279096331,Própria,Farol da Barra - SSA FB 200,0.0
598,2023-02-19,25.8,3.6857141767229353,Imprópria,Farol da Barra - SSA FB 200,1.0
599,2021-07-25,83.4,11.914285932268415,Própria,Farol da Barra - SSA FB 200,0.0
600,2021-10-17,106.0,15.142857142857142,Própria,Farol da Barra - SSA FB 200,0.0
601,2022-03-27,38.0,5.428571428571429,Indisponível,Farol da Barra - SSA FB 200,2.0
602,2022-07-03,42.4,6.057143075125558,Própria,Farol da Barra - SSA FB 200,0.0
603,2021-05-23,9.0,1.2857142857142858,Imprópria,Farol da Barra - SSA FB 200,1.0
604,2021-10-03,0.2,0.028571428997176036,Imprópria,Farol da Barra - SSA FB 200,1.0
605,2022-07-17,60.8,8.685714176722936,Própria,Farol da Barra - SSA FB 200,0.0
606,2022-08-28,48.2,6.885714394705636,Própria,Farol da Barra - SSA FB 200,0.0
607,2022-02-27,101.4,14.485714503696986,Imprópria,Farol da Barra - SSA FB 200,1.0
608,2022-02-13,22.4,3.1999999455043246,Própria,Farol da Barra - SSA FB 200,0.0
609,2021-04-18,66.8,9.542857578822545,Indisponível,Farol da Barra - SSA FB 200,2.0
610,2022-02-20,61.6,8.799999782017299,Própria,Farol da Barra - SSA FB 200,0.0
611,2022-01-30,13.2,1.8857142584664481,Própria,Farol da Barra - SSA FB 200,0.0
612,2023-03-05,7.8,1.1142857415335519,Imprópria,Farol da Barra - SSA FB 200,1.0
613,2022-05-22,44.6,6.371428353445871,Própria,Farol da Barra - SSA FB 200,0.0
614,2021-08-29,23.2,3.3142858232770647,Própria,Farol da Barra - SSA FB 200,0.0
615,2022-11-13,77.4,11.057143075125557,Própria,Farol da Barra - SSA FB 200,0.0
616,2021-08-22,24.8,3.5428570338657925,Própria,Farol da Barra - SSA FB 200,0.0
617,2022-03-13,123.4,17.62857164655413,Própria,Farol da Barra - SSA FB 200,0.0
618,2022-05-29,46.0,6.571428571428571,Própria,Farol da Barra - SSA FB 200,0.0
619,2022-10-30,24.2,3.4571429661342075,Própria,Farol da Barra - SSA FB 200,0.0
620,2022-12-18,42.6,6.085714067731585,Imprópria,Farol da Barra - SSA FB 200,1.0
621,2023-01-22,0.0,0.0,Própria,Farol da Barra - SSA FB 200,0.0
622,2022-09-18,22.6,3.2285714830671037,Própria,Farol da Barra - SSA FB 200,0.0
623,2022-05-15,12.8,1.8285714558192663,Própria,Farol da Barra - SSA FB 200,0.0
624,2021-08-15,9.0,1.2857142857142858,Própria,Farol da Barra - SSA FB 200,0.0
625,2022-03-06,34.0,4.857142857142857,Própria,Farol da Barra - SSA FB 200,0.0
626,2023-02-12,22.8,3.2571427481515065,Imprópria,Farol da Barra - SSA FB 200,1.0
627,2021-08-08,31.2,4.4571429661342075,Própria,Farol da Barra - SSA FB 200,0.0
628,2021-06-06,13.6,1.9428571973528181,Própria,Farol da Barra - SSA FB 200,0.0
629,2022-11-27,61.8,8.828571319580078,Própria,Farol da Barra - SSA FB 200,0.0
630,2023-04-30,49.4,7.057143075125558,Imprópria,Farol da Barra - SSA FB 200,1.0
631,2023-05-14,48.2,6.885714394705636,Imprópria,Farol da Barra - SSA FB 200,1.0
632,2022-11-06,2.4,0.3428571564810617,Própria,Farol da Barra - SSA FB 200,0.0
633,2022-10-09,18.0,2.5714285714285716,Própria,Farol da Barra - SSA FB 200,0.0
634,2022-04-24,28.0,4.0,Própria,Farol da Barra - SSA FB 200,0.0
635,2023-01-29,45.8,6.5428570338657925,Própria,Farol da Barra - SSA FB 200,0.0
636,2021-03-28,0.0,0.0,Indisponível,Farol da Barra - SSA FB 200,2.0
637,2021-02-14,0.8,0.11428571598870414,Imprópria,Farol da Barra - SSA FB 200,1.0
638,2022-06-26,41.0,5.857142857142857,Própria,Farol da Barra - SSA FB 200,0.0
639,2022-09-11,3.8,0.5428571360451835,Própria,Farol da Barra - SSA FB 200,0.0
640,2022-05-08,101.2,14.457142421177455,Própria,Farol da Barra - SSA FB 200,0.0
641,2022-08-21,43.8,6.257142748151507,Própria,Farol da Barra - SSA FB 200,0.0
642,2023-05-07,117.8,16.82857186453683,Imprópria,Farol da Barra - SSA FB 200,1.0
643,2021-05-02,58.8,8.39999989100865,Própria,Farol da Barra - SSA FB 200,0.0
644,2022-09-04,12.8,1.8285714558192663,Própria,Farol da Barra - SSA FB 200,0.0
645,2023-01-15,25.0,3.5714285714285716,Própria,Farol da Barra - SSA FB 200,0.0
646,2022-10-16,14.8,2.114285741533552,Própria,Farol da Barra - SSA FB 200,0.0
647,2023-04-16,6.6,0.9428571292332241,Imprópria,Farol da Barra - SSA FB 200,1.0
648,2021-02-28,43.4,6.2000002179827005,Própria,Farol da Barra - SSA FB 200,0.0
649,2021-09-19,2.6,0.3714285578046526,Própria,Farol da Barra - SSA FB 200,0.0
650,2023-03-19,48.4,6.914285932268415,Imprópria,Farol da Barra - SSA FB 200,1.0
651,2023-04-23,94.8,13.542857578822545,Imprópria,Farol da Barra - SSA FB 200,1.0
652,2023-01-08,3.8,0.5428571360451835,Imprópria,Farol da Barra - SSA FB 200,1.0
653,2022-01-02,9.6,1.3714286259242467,Própria,Farol da Barra - SSA FB 200,0.0
654,2022-04-03,32.0,4.571428571428571,Indisponível,Farol da Barra - SSA FB 200,2.0
655,2023-02-26,17.0,2.4285714285714284,Imprópria,Farol da Barra - SSA FB 200,1.0
656,2022-10-02,0.2,0.028571428997176036,Própria,Farol da Barra - SSA FB 200,0.0
657,2022-04-17,274.4,39.199999128069194,Indisponível,Farol da Barra - SSA FB 200,2.0
